Name,Phone,Email,Address,Pincode
Qkuggq Tlehzlk,9793275475,qkuggq.tlehzlk@example.com,504 Qebusgxw Street,787636
Bfpbvm Ybpnyjo,9542521900,bfpbvm.ybpnyjo@example.com,909 Ydymrucd Street,521322
Jlegve Isrtenq,9986910884,jlegve.isrtenq@example.com,640 Dllcjrju Street,874591
Unoqtc Qzsmekb,9093643675,unoqtc.qzsmekb@example.com,469 Fdfuexcb Street,880016
Pibaro Icrgxmy,9324008984,pibaro.icrgxmy@example.com,312 Bjsesppj Street,483150
Wohgnc Hmceevw,9724373350,wohgnc.hmceevw@example.com,498 Bxorilpd Street,476654
Imtclq Mlpaiff,9442305614,imtclq.mlpaiff@example.com,275 Izktjsfc Street,276305
Jgykfk Meywyei,9322918741,jgykfk.meywyei@example.com,605 Rhwnuakb Street,949240
Enfvpr Ipbbhtx,9474945003,enfvpr.ipbbhtx@example.com,209 Ymhyzfiy Street,420239
Magacb Gpivsdn,9196463290,magacb.gpivsdn@example.com,871 Rjdtjgtu Street,807412
Pfsanf Wfrfskp,9171001123,pfsanf.wfrfskp@example.com,397 Dlmngzrz Street,959214
Emxpnw Mawudhn,9068501176,emxpnw.mawudhn@example.com,244 Cwxocxmd Street,521599
Pvtcdu Gynkwgv,9739877056,pvtcdu.gynkwgv@example.com,431 Vfkfmzis Street,648456
Rcftlh Osiumvw,9499484848,rcftlh.osiumvw@example.com,967 Kdzkahdy Street,671950
Xyiblz Mazcpni,9968007014,xyiblz.mazcpni@example.com,70 Kqphozqq Street,504946
Dfvyos Jmdxfqd,9453197454,dfvyos.jmdxfqd@example.com,739 Ztdwtfma Street,993196
Srzdwr Ggfbynd,9420497846,srzdwr.ggfbynd@example.com,360 Dduyytfp Street,394853
Yozgza Cfwjwlo,9639154880,yozgza.cfwjwlo@example.com,205 Abmwperx Street,364306
Vvtkqq Ozyszen,9825276055,vvtkqq.ozyszen@example.com,560 Acskrihw Street,239761
Wqoxlo Zgjwpiu,9693236032,wqoxlo.zgjwpiu@example.com,257 Yeiimvzj Street,769198
Mddhhv Kllntof,9004150919,mddhhv.kllntof@example.com,575 Iasbbugw Street,422764
Inugrc Ltleopd,9665400350,inugrc.ltleopd@example.com,101 Tqnphujq Street,999879
Zzqvlt Yoshnoz,9930823822,zzqvlt.yoshnoz@example.com,45 Rxwlzyst Street,778379
Zbbcce Mtbgcan,9085592292,zbbcce.mtbgcan@example.com,754 Hmmvdztj Street,054028
Vxnqqi Mzztpsz,9625145262,vxnqqi.mzztpsz@example.com,314 Lpqvlarm Street,788313
Gtewno Rnshfaz,9326567105,gtewno.rnshfaz@example.com,422 Ilgofysa Street,063388
Rxfjvd Ckjkynz,9688034684,rxfjvd.ckjkynz@example.com,614 Ovscllag Street,140132
Guldwf Oltdjue,9572473397,guldwf.oltdjue@example.com,73 Dhhfojpq Street,036285
Rqdzlc Sqihary,9744108450,rqdzlc.sqihary@example.com,467 Zgsixnar Street,242386
Tiziop Nfpmifb,9198519977,tiziop.nfpmifb@example.com,816 Ncovfdgj Street,246258
Vhdvya Ibmbiqm,9048514828,vhdvya.ibmbiqm@example.com,523 Lwrmxdtv Street,768112
Wcpfso Yqilrvf,9034615405,wcpfso.yqilrvf@example.com,950 Wzpjosns Street,222428
Fgvnna Lxswokz,9769588255,fgvnna.lxswokz@example.com,972 Amgiogvs Street,317074
Mxasbi Hrlapfu,9216980881,mxasbi.hrlapfu@example.com,872 Kyraujrk Street,288993
Ftpqut Ardbtjw,9273817538,ftpqut.ardbtjw@example.com,706 Zbplcvju Street,220543
Enymxz Fyprlow,9145183937,enymxz.fyprlow@example.com,63 Fwolgozt Street,599888
Cgwfvj Iqkvfgu,9436042639,cgwfvj.iqkvfgu@example.com,186 Ccvrcooq Street,920787
Vsbtwm Rluwvpk,9530717829,vsbtwm.rluwvpk@example.com,574 Befevsiy Street,974082
Afcgzk Nszukmm,9276932622,afcgzk.nszukmm@example.com,810 Mxuemtjl Street,246415
Bcoqwz Xshqsrv,9356545628,bcoqwz.xshqsrv@example.com,831 Zvizzyjv Street,767175
Arjgwq Fsbfstv,9984351572,arjgwq.fsbfstv@example.com,260 Mzdytblx Street,272784
Grjdwd Srpwlgm,9230329073,grjdwd.srpwlgm@example.com,70 Hkxczcuu Street,172457
Cpjjew Ifehfkc,9619642712,cpjjew.ifehfkc@example.com,389 Xcuzykdh Street,898778
Pradtq Gxagcmb,9735552029,pradtq.gxagcmb@example.com,860 Uwssnvsm Street,801467
Mbobsk Ifgugzl,9913709957,mbobsk.ifgugzl@example.com,429 Wnqgsbuw Street,047260
Wluxhs Ujhtdxj,9167122034,wluxhs.ujhtdxj@example.com,297 Eykrwviz Street,231924
Xtmmtg Lqatstz,9729523698,xtmmtg.lqatstz@example.com,719 Lkftcrax Street,104552
Orbuql Xgwfhyz,9006199981,orbuql.xgwfhyz@example.com,564 Ovpqptnk Street,819429
Kgvbru Ysvqlbk,9154471280,kgvbru.ysvqlbk@example.com,28 Osaaadsy Street,559410
Rasflf Qhlyhmb,9580576720,rasflf.qhlyhmb@example.com,452 Xidiisvx Street,758528
Rwrjdh Qwbbfsz,9547852699,rwrjdh.qwbbfsz@example.com,256 Jmpvohjl Street,540751
Cffjqv Rprkeri,9098072284,cffjqv.rprkeri@example.com,597 Amuzhuhv Street,928637
Rggeej Hgjvuuu,9571033914,rggeej.hgjvuuu@example.com,86 Kztmpfwi Street,735715
Qlskvt Sahlhbw,9368799103,qlskvt.sahlhbw@example.com,348 Kuunejxo Street,660236
Fsbcrz Gsugbal,9839940609,fsbcrz.gsugbal@example.com,469 Ccqftcir Street,973720
Rdssva Lwseagp,9536486927,rdssva.lwseagp@example.com,870 Uoprlduf Street,326358
Aitexv Abadyar,9001566556,aitexv.abadyar@example.com,864 Rqrqhswj Street,988809
Sciret Vqzbdar,9674404180,sciret.vqzbdar@example.com,370 Zwxmtvhj Street,864229
Vcrfiv Jwnfchy,9295568526,vcrfiv.jwnfchy@example.com,845 Vznsoxlz Street,628865
Wkbmhv Bbtddhz,9161072432,wkbmhv.bbtddhz@example.com,577 Yaumvzhk Street,399552
Ojiitl Vysnjev,9172720344,ojiitl.vysnjev@example.com,362 Ylivakpt Street,577592
Meartk Xehryrq,9785159395,meartk.xehryrq@example.com,558 Auheoyfh Street,829462
Bzgjyi Fskisjc,9199817224,bzgjyi.fskisjc@example.com,402 Khrzdpzf Street,747475
Kwiqso Dmshjdh,9420666752,kwiqso.dmshjdh@example.com,440 Lezfseqd Street,881803
Omuyut Ebvcvpf,9758345265,omuyut.ebvcvpf@example.com,247 Xtixgget Street,083481
Vmgaut Sypozfk,9097777956,vmgaut.sypozfk@example.com,64 Zoftozuk Street,751652
Axztrv Phdggub,9697122186,axztrv.phdggub@example.com,843 Qcsftseg Street,025823
Ilxwxl Hojmqxm,9315094163,ilxwxl.hojmqxm@example.com,406 Oumhcwre Street,655576
Wjvmqu Letcrvw,9921690204,wjvmqu.letcrvw@example.com,252 Tnpbcggr Street,190256
Crkjgb Hglqvag,9641019458,crkjgb.hglqvag@example.com,303 Whajonqa Street,577059
Aaxnyg Mgfocuv,9471025677,aaxnyg.mgfocuv@example.com,881 Kzjeoely Street,187413
Pukxck Zgkwwvv,9108718387,pukxck.zgkwwvv@example.com,922 Badlcdnh Street,549896
Svfrjz Uyjpgui,9215890423,svfrjz.uyjpgui@example.com,74 Trftdliv Street,139139
Guzoem Iakxwcm,9153781275,guzoem.iakxwcm@example.com,845 Vfkwvwan Street,070124
Snchqx Rqpkmyg,9271224751,snchqx.rqpkmyg@example.com,512 Cnrkcvpr Street,052424
Mkdktg Jvgobub,9154234426,mkdktg.jvgobub@example.com,789 Qvuafblm Street,455653
Nlbyid Lliujns,9377112851,nlbyid.lliujns@example.com,786 Psppircm Street,117406
Edbbrp Birhegh,9551336441,edbbrp.birhegh@example.com,910 Nawhbnke Street,688601
Fgizgp Mmnsmcc,9865062462,fgizgp.mmnsmcc@example.com,947 Daxpihkb Street,955081
Korsnr Bmffids,9858622019,korsnr.bmffids@example.com,132 Amffrfaq Street,236261
Snquyl Pdhltqd,9016667671,snquyl.pdhltqd@example.com,121 Tvyqyqya Street,849308
Dsudsb Gpetnld,9202230753,dsudsb.gpetnld@example.com,317 Rzqhgtwr Street,953447
Dvxsec Iwkktme,9234119581,dvxsec.iwkktme@example.com,32 Tsopmosd Street,278679
Fwlusx Mbdmrpm,9592192678,fwlusx.mbdmrpm@example.com,242 Whmiujzm Street,395845
Fwlhdk Vrydxav,9674218360,fwlhdk.vrydxav@example.com,848 Smdwlagb Street,540576
Xffazw Ofojbce,9369499438,xffazw.ofojbce@example.com,575 Unqzcouj Street,664734
Dfwwgx Vbmefcn,9004839196,dfwwgx.vbmefcn@example.com,267 Rcmrpxqp Street,366741
Fezntw Qchjcxy,9360573082,fezntw.qchjcxy@example.com,332 Uvsfgwxg Street,682011
Hllskn Hjslrws,9405187957,hllskn.hjslrws@example.com,917 Exonpiai Street,734781
Gdvrbn Djysvsv,9080866992,gdvrbn.djysvsv@example.com,687 Nwwwgvmr Street,145770
Uibadu Aydqzqt,9051846714,uibadu.aydqzqt@example.com,943 Upiopbdg Street,554589
Ozziub Blawaog,9592412202,ozziub.blawaog@example.com,251 Bnuactam Street,130479
Yxdmoe Cbxfrxm,9423977449,yxdmoe.cbxfrxm@example.com,987 Sbqemygx Street,496454
Xalljy Vczbnti,9055513254,xalljy.vczbnti@example.com,718 Rtxnpoco Street,658584
Xfhvki Ivqixwo,9530955520,xfhvki.ivqixwo@example.com,295 Tfwvtdnj Street,876140
Ahnvmc Qimkusk,9444857726,ahnvmc.qimkusk@example.com,256 Vtmsxnip Street,406169
Rwevuf Bikjshr,9414299222,rwevuf.bikjshr@example.com,169 Ecvpfzgi Street,590539
Eepemw Vuwmoia,9354524662,eepemw.vuwmoia@example.com,130 Uyytxtlm Street,301386
Qltjli Isqxcqg,9876955850,qltjli.isqxcqg@example.com,530 Smqvxovr Street,301504
Kwdbng Vpycxjw,9690837843,kwdbng.vpycxjw@example.com,979 Gsjqipdv Street,138986
Ptsspd Ugftijp,9015358877,ptsspd.ugftijp@example.com,682 Fmbbwsdz Street,229934
Flpqhy Cqxuube,9484914871,flpqhy.cqxuube@example.com,225 Qbexdlmu Street,942662
Mcwmac Aaqogah,9457068681,mcwmac.aaqogah@example.com,394 Scuqovct Street,596127
Jwnbru Xagsetz,9382717285,jwnbru.xagsetz@example.com,241 Grabkzuz Street,003331
Fzmxrw Yzutomd,9841355264,fzmxrw.yzutomd@example.com,824 Lepwdivp Street,139244
Bjkrto Dsjwslh,9964758747,bjkrto.dsjwslh@example.com,17 Txsavcfe Street,328914
Svehhx Qekmwis,9702268177,svehhx.qekmwis@example.com,716 Fsuzctvm Street,626214
Rhljhx Xfocdai,9962313886,rhljhx.xfocdai@example.com,361 Kafenhux Street,283404
Jdoehz Pgjjzrv,9280048554,jdoehz.pgjjzrv@example.com,91 Esiuiqro Street,295143
Pfdcrz Dliwind,9544217144,pfdcrz.dliwind@example.com,91 Wuptnfpl Street,038706
Zbrrph Zpwdsfp,9611198370,zbrrph.zpwdsfp@example.com,703 Flqmyvcu Street,490629
Xsvtif Qzuqnyo,9763558982,xsvtif.qzuqnyo@example.com,138 Nyvdslto Street,146817
Ipcvua Xxdgrxs,9357371039,ipcvua.xxdgrxs@example.com,927 Vmeklymr Street,474918
Wifnyu Mdqchlw,9725244262,wifnyu.mdqchlw@example.com,94 Uzowsyrm Street,380535
Fguzgo Fjixbkc,9803961597,fguzgo.fjixbkc@example.com,479 Dbwzkcwx Street,622662
Xnlfue Cepftcx,9101080403,xnlfue.cepftcx@example.com,210 Qqjxiwpx Street,988125
Wsfczw Qxqtafq,9123563271,wsfczw.qxqtafq@example.com,363 Gmumywvr Street,473665
Nyctrx Crsfspg,9640963196,nyctrx.crsfspg@example.com,605 Yxwkrdlt Street,590193
Kkhmjs Fxceezr,9824462925,kkhmjs.fxceezr@example.com,203 Amkswzkk Street,705935
Gnqgqv Aowtayo,9982638793,gnqgqv.aowtayo@example.com,563 Eclvkgyr Street,313353
Amwmhz Thdhxxh,9335333830,amwmhz.thdhxxh@example.com,795 Dhhwvhiv Street,304024
Tetsha Ugtdxum,9171747310,tetsha.ugtdxum@example.com,78 Gqekwkxo Street,279303
Uabdrp Vuayxna,9557388728,uabdrp.vuayxna@example.com,775 Ehustfgx Street,773150
Uitxct Nmvbbhj,9409426403,uitxct.nmvbbhj@example.com,694 Bvvinxxv Street,131881
Udiymq Aciryvk,9009820483,udiymq.aciryvk@example.com,323 Hgswwuxw Street,622473
Zkjtxd Xspwlyc,9975267485,zkjtxd.xspwlyc@example.com,959 Akehztim Street,521970
Qugqvp Wcxrabv,9129130763,qugqvp.wcxrabv@example.com,940 Mfevahce Street,835906
Kkuwvm Ifoqkiw,9161926453,kkuwvm.ifoqkiw@example.com,314 Omrgjfxg Street,625134
Lbixel Fgokhvn,9952551032,lbixel.fgokhvn@example.com,584 Cnmvdfqc Street,637991
Zuswtc Lhaevan,9020856730,zuswtc.lhaevan@example.com,192 Czxfjpwg Street,363702
Kitpmn Qdpyjgc,9959834740,kitpmn.qdpyjgc@example.com,13 Ehvlgcym Street,215168
Fatdqv Nlvawun,9179511664,fatdqv.nlvawun@example.com,302 Dyhydmix Street,256490
Rwekbr Mabvibl,9147077573,rwekbr.mabvibl@example.com,822 Oooivlfr Street,367926
Tunobg Wsmzgyt,9076559574,tunobg.wsmzgyt@example.com,762 Yqbenciu Street,167693
Mcgxga Gaytsbf,9151844027,mcgxga.gaytsbf@example.com,56 Idjxbkco Street,064349
Ybiqbs Rneaozz,9633257234,ybiqbs.rneaozz@example.com,794 Abhwcscn Street,343344
Cdyeck Pdnxzeh,9292731111,cdyeck.pdnxzeh@example.com,310 Zffqjaqf Street,089058
Rqatfh Tscnxig,9914623122,rqatfh.tscnxig@example.com,680 Huupeqkd Street,673538
Uqwyhe Whcboxr,9589686154,uqwyhe.whcboxr@example.com,185 Yjozvsdp Street,677954
Tmnabo Fkgnmrz,9036395977,tmnabo.fkgnmrz@example.com,754 Whqluycy Street,845300
Tmymkn Hgxjmzr,9049461101,tmymkn.hgxjmzr@example.com,480 Jbcbnwnd Street,341024
Drathb Xubykbd,9231408841,drathb.xubykbd@example.com,119 Exgjisql Street,630890
Qpthkw Zqkkjfw,9650600266,qpthkw.zqkkjfw@example.com,707 Bqkzsqmg Street,330196
Yybtuu Tlnlkuw,9405653138,yybtuu.tlnlkuw@example.com,615 Kbuvnlpt Street,829542
Mjwoax Uusjape,9900847680,mjwoax.uusjape@example.com,387 Iafdgaaa Street,270012
Dfjchk Juzyvdw,9098804543,dfjchk.juzyvdw@example.com,805 Vkbajlih Street,624752
Snxmqw Ovhuzan,9613770560,snxmqw.ovhuzan@example.com,345 Ohxluvqk Street,072099
Lomkkl Sakphoc,9744457405,lomkkl.sakphoc@example.com,558 Ztmjqdky Street,307610
Pjzrjt Bqicfrv,9359065963,pjzrjt.bqicfrv@example.com,117 Auscwxlt Street,980428
Qubhnk Hnrlufd,9471065947,qubhnk.hnrlufd@example.com,656 Hccszeun Street,489939
Jnirwg Fmsgpuc,9464302628,jnirwg.fmsgpuc@example.com,692 Kqqbuobk Street,040515
Hgbxfg Pwzpwgf,9416178838,hgbxfg.pwzpwgf@example.com,260 Oliocbaa Street,376794
Btbnrz Sfqkjhq,9715157466,btbnrz.sfqkjhq@example.com,140 Dfnonfex Street,416662
Ytbggm Hujqvup,9217445885,ytbggm.hujqvup@example.com,67 Zvcgiadq Street,708956
Tamwfx Ohbvufw,9001479842,tamwfx.ohbvufw@example.com,738 Ltfajgfe Street,106486
Xlgaqv Cqhujaw,9130855548,xlgaqv.cqhujaw@example.com,824 Bvecpfzn Street,723707
Diiptx Kwdrvdr,9466596516,diiptx.kwdrvdr@example.com,447 Ldecggrc Street,886624
Lbvgag Cvxvqvw,9286168308,lbvgag.cvxvqvw@example.com,540 Dkkhscpj Street,826330
Linnvw Kcqxtih,9044119728,linnvw.kcqxtih@example.com,679 Pecybicw Street,677631
Ywystu Uqyjqlk,9374500341,ywystu.uqyjqlk@example.com,910 Botpmfwo Street,111302
Rtdbda Xbacjhz,9178898358,rtdbda.xbacjhz@example.com,625 Cbcuzyqe Street,849407
Axpbxs Ldiyaom,9084090105,axpbxs.ldiyaom@example.com,292 Cfaiqfsj Street,122847
Siacyn Zozxwws,9539841493,siacyn.zozxwws@example.com,428 Omfqjgnm Street,676263
Dmccgw Kvepghq,9736938152,dmccgw.kvepghq@example.com,509 Zxklesce Street,901064
Wqqfpt Jelcgkk,9246605834,wqqfpt.jelcgkk@example.com,718 Odpmadzp Street,945514
Ehqfsp Svcijob,9448572941,ehqfsp.svcijob@example.com,643 Zpwkaacr Street,745692
Higrhx Mkkwzwx,9710966387,higrhx.mkkwzwx@example.com,800 Jcvllxqj Street,467033
Bbcxpd Kafugwv,9019703925,bbcxpd.kafugwv@example.com,128 Godwgvxa Street,832337
Myvqky Oornymz,9481222140,myvqky.oornymz@example.com,299 Gjybfabm Street,684339
Oyneuq Kfsgqtp,9420402841,oyneuq.kfsgqtp@example.com,142 Xbfdvfdg Street,024102
Xaiapr Cmvvstg,9979865853,xaiapr.cmvvstg@example.com,971 Loqitvqj Street,250126
Ehbpph Odaqewk,9443977215,ehbpph.odaqewk@example.com,596 Iqvzvwyj Street,390039
Qfehpn Uodwlyh,9980184368,qfehpn.uodwlyh@example.com,156 Tnvblkjy Street,272309
Hxwuvv Ycwwjab,9343277282,hxwuvv.ycwwjab@example.com,564 Umlcpqip Street,751904
Oyirgx Ycfjggh,9162460274,oyirgx.ycfjggh@example.com,357 Caowwrae Street,660549
Ojklar Yasbfnx,9821520010,ojklar.yasbfnx@example.com,728 Bjbotoin Street,167349
Zmsvip Sikjuox,9834944239,zmsvip.sikjuox@example.com,570 Gqxwiiei Street,953073
Owoygu Rgplwtn,9993789511,owoygu.rgplwtn@example.com,633 Kjjrfztf Street,788386
Qteldm Liwkbpe,9016729778,qteldm.liwkbpe@example.com,18 Gytxjcle Street,718821
Drkqim Ieqtbmg,9966774934,drkqim.ieqtbmg@example.com,906 Hgxkhwfu Street,888682
Ophmnr Qerpyzw,9108904563,ophmnr.qerpyzw@example.com,176 Hjupbdzc Street,020584
Mrnpxs Snirrhi,9764297247,mrnpxs.snirrhi@example.com,653 Qaojdbxz Street,442464
Hxdtch Rybvzgg,9527409907,hxdtch.rybvzgg@example.com,161 Zrkgowan Street,236725
Nsirzy Cycepje,9416501802,nsirzy.cycepje@example.com,294 Wgegcszp Street,808062
Mswtxt Ikaozvg,9211553725,mswtxt.ikaozvg@example.com,349 Bssjodzb Street,744494
Idldlx Jgrkazw,9044144463,idldlx.jgrkazw@example.com,127 Qiugubvk Street,386234
Safnkl Jcsxvvr,9214618434,safnkl.jcsxvvr@example.com,515 Heurixrh Street,089336
Cfxjxj Cqcdtwb,9401055762,cfxjxj.cqcdtwb@example.com,466 Rhkbpuxv Street,271616
Sospih Wgiqtev,9494586479,sospih.wgiqtev@example.com,362 Nsibmbzx Street,351815
Uwbjxa Lyjibuq,9813851025,uwbjxa.lyjibuq@example.com,158 Dpeuguza Street,607040
Yrrwlg Ngcafsg,9252501827,yrrwlg.ngcafsg@example.com,775 Csemstdd Street,622552
Wpmiku Xxwwmim,9507631016,wpmiku.xxwwmim@example.com,633 Kmswhwvr Street,242166
Wldmqf Cslkrku,9077437054,wldmqf.cslkrku@example.com,258 Sjogwkba Street,710851
Tnxucv Ykvhgvj,9824303399,tnxucv.ykvhgvj@example.com,855 Masuzoqc Street,074420
Rxskor Uerdlnw,9735510285,rxskor.uerdlnw@example.com,616 Cdefxsol Street,215366
Skitul Qofavcm,9239048743,skitul.qofavcm@example.com,154 Wgsshweb Street,668655
Xhcrsa Eeydmqt,9296758370,xhcrsa.eeydmqt@example.com,978 Vaxmzkof Street,436049
Fqmfsk Mvgzacz,9227380857,fqmfsk.mvgzacz@example.com,52 Tbcejsar Street,550364
Grpugs Yeoppjp,9373809847,grpugs.yeoppjp@example.com,576 Xhtcmsqq Street,146459
Jimeia Iqttpqf,9285889169,jimeia.iqttpqf@example.com,132 Zipbiadp Street,064322
